Odds Ratio,Odds Ratio CI Lower,Odds Ratio CI Upper,Relative Risk,Relative Risk CI Lower,Relative Risk CI Upper
1.6006248372819578,1.2828176176769495,1.9971661087438233,1.511643379906853,1.2445729778426209,1.8360238802365885
